sku,description,supplier,item_class,assumed_lead_time_days,current_safety_stock,current_rop,unit_cost
MAT-1001,Gasket - MAT-1001,Apex Components,C,45,297,2701,25.36
MAT-1002,Wiring Harness - MAT-1002,BlueRiver Industrial,C,45,419,2475,22.52
MAT-1003,Gasket - MAT-1003,Cobalt Supply,B,60,84,408,47.01
MAT-1004,Circuit Board - MAT-1004,Delta Manufacturing,A,60,112,804,227.84
MAT-1005,Bracket - MAT-1005,Evergreen Parts,A,21,423,888,39.37
MAT-1006,Valve - MAT-1006,Frontier Materials,C,30,146,1514,80.96
MAT-1007,Bracket - MAT-1007,Apex Components,C,30,26,180,36.17
MAT-1008,Fastener - MAT-1008,BlueRiver Industrial,A,30,135,482,72.31
MAT-1009,Sensor - MAT-1009,Cobalt Supply,B,60,244,1346,56.36
MAT-1010,Bearing - MAT-1010,Delta Manufacturing,C,75,578,2992,167.9
MAT-1011,Fastener - MAT-1011,Evergreen Parts,C,30,641,2457,244.34
MAT-1012,Motor - MAT-1012,Frontier Materials,A,75,302,1526,155.49
MAT-1013,Valve - MAT-1013,Apex Components,C,75,148,1560,139.46
MAT-1014,Motor - MAT-1014,BlueRiver Industrial,A,30,230,1386,6.57
MAT-1015,Fastener - MAT-1015,Cobalt Supply,B,30,160,1752,67.92
MAT-1016,Fastener - MAT-1016,Delta Manufacturing,C,75,246,1336,132.56
MAT-1017,Bracket - MAT-1017,Evergreen Parts,B,30,75,497,132.85
MAT-1018,Casting - MAT-1018,Frontier Materials,B,75,284,1665,117.0
MAT-1019,Wiring Harness - MAT-1019,Apex Components,B,75,1184,6633,40.07
MAT-1020,Bearing - MAT-1020,BlueRiver Industrial,A,30,41,161,9.02
MAT-1021,Circuit Board - MAT-1021,Cobalt Supply,A,30,649,1864,82.45
MAT-1022,Motor - MAT-1022,Delta Manufacturing,A,60,298,1443,123.9
MAT-1023,Bearing - MAT-1023,Evergreen Parts,C,21,29,154,79.18
MAT-1024,Valve - MAT-1024,Frontier Materials,A,21,105,486,170.41
MAT-1025,Sensor - MAT-1025,Apex Components,C,21,42,270,78.15
MAT-1026,Fastener - MAT-1026,BlueRiver Industrial,A,30,394,1780,110.88
MAT-1027,Bearing - MAT-1027,Cobalt Supply,B,45,138,1122,118.61
MAT-1028,Bearing - MAT-1028,Delta Manufacturing,B,30,43,275,125.5
MAT-1029,Casting - MAT-1029,Evergreen Parts,C,45,178,1751,77.85
MAT-1030,Valve - MAT-1030,Frontier Materials,C,60,49,401,44.62
MAT-1031,Gasket - MAT-1031,Apex Components,A,30,315,1724,50.42
MAT-1032,Sensor - MAT-1032,BlueRiver Industrial,B,75,1437,4902,81.71
MAT-1033,Fastener - MAT-1033,Cobalt Supply,A,45,245,1919,217.48
MAT-1034,Casting - MAT-1034,Delta Manufacturing,B,75,361,2505,86.39
MAT-1035,Casting - MAT-1035,Evergreen Parts,B,60,122,770,74.23
MAT-1036,Bracket - MAT-1036,Frontier Materials,C,30,149,1612,121.87
MAT-1037,Motor - MAT-1037,Apex Components,C,21,177,1071,239.48
MAT-1038,Motor - MAT-1038,BlueRiver Industrial,B,60,611,3648,68.38
MAT-1039,Fastener - MAT-1039,Cobalt Supply,B,30,10,79,240.53
MAT-1040,Casting - MAT-1040,Delta Manufacturing,C,60,317,2712,226.14
MAT-1041,Valve - MAT-1041,Evergreen Parts,B,45,902,3286,176.91
MAT-1042,Bracket - MAT-1042,Frontier Materials,B,60,493,3391,249.17
MAT-1043,Gasket - MAT-1043,Apex Components,B,75,428,3332,151.42
MAT-1044,Sensor - MAT-1044,BlueRiver Industrial,C,75,623,2946,42.13
MAT-1045,Fastener - MAT-1045,Cobalt Supply,A,21,165,951,127.4
MAT-1046,Casting - MAT-1046,Delta Manufacturing,B,60,113,751,212.7
MAT-1047,Circuit Board - MAT-1047,Evergreen Parts,B,45,324,2094,49.13
MAT-1048,Circuit Board - MAT-1048,Frontier Materials,C,45,247,2244,174.82
MAT-1049,Circuit Board - MAT-1049,Apex Components,C,60,489,3432,107.9
MAT-1050,Bracket - MAT-1050,BlueRiver Industrial,C,21,280,1123,3.4
MAT-1051,Casting - MAT-1051,Cobalt Supply,B,60,199,701,4.4
MAT-1052,Casting - MAT-1052,Delta Manufacturing,B,45,119,813,233.97
MAT-1053,Bracket - MAT-1053,Evergreen Parts,B,60,594,3913,86.18
MAT-1054,Circuit Board - MAT-1054,Frontier Materials,B,60,316,2584,129.39
MAT-1055,Bearing - MAT-1055,Apex Components,B,75,1947,8934,247.29
MAT-1056,Motor - MAT-1056,BlueRiver Industrial,C,30,19,136,78.46
MAT-1057,Sensor - MAT-1057,Cobalt Supply,C,60,367,2471,200.06
MAT-1058,Valve - MAT-1058,Delta Manufacturing,C,75,477,3960,157.72
MAT-1059,Casting - MAT-1059,Evergreen Parts,C,45,56,290,10.76
MAT-1060,Bracket - MAT-1060,Frontier Materials,A,30,239,1296,118.51
