sku,po_number,actual_lead_time_days
MAT-1001,PO-MAT-1001-001,37.2
MAT-1001,PO-MAT-1001-002,47.0
MAT-1001,PO-MAT-1001-003,46.1
MAT-1001,PO-MAT-1001-004,42.3
MAT-1001,PO-MAT-1001-005,38.5
MAT-1001,PO-MAT-1001-006,45.3
MAT-1001,PO-MAT-1001-007,42.6
MAT-1001,PO-MAT-1001-008,46.0
MAT-1001,PO-MAT-1001-009,45.1
MAT-1001,PO-MAT-1001-010,52.2
MAT-1001,PO-MAT-1001-011,43.9
MAT-1001,PO-MAT-1001-012,40.4
MAT-1001,PO-MAT-1001-013,45.8
MAT-1001,PO-MAT-1001-014,46.0
MAT-1001,PO-MAT-1001-015,51.1
MAT-1001,PO-MAT-1001-016,48.8
MAT-1001,PO-MAT-1001-017,46.6
MAT-1001,PO-MAT-1001-018,51.6
MAT-1001,PO-MAT-1001-019,39.7
MAT-1001,PO-MAT-1001-020,42.1
MAT-1001,PO-MAT-1001-021,40.8
MAT-1001,PO-MAT-1001-022,43.2
MAT-1001,PO-MAT-1001-023,38.8
MAT-1001,PO-MAT-1001-024,47.9
MAT-1002,PO-MAT-1002-001,38.4
MAT-1002,PO-MAT-1002-002,54.6
MAT-1002,PO-MAT-1002-003,39.2
MAT-1002,PO-MAT-1002-004,40.1
MAT-1002,PO-MAT-1002-005,53.3
MAT-1002,PO-MAT-1002-006,58.1
MAT-1002,PO-MAT-1002-007,39.7
MAT-1002,PO-MAT-1002-008,43.3
MAT-1002,PO-MAT-1002-009,46.5
MAT-1002,PO-MAT-1002-010,52.8
MAT-1002,PO-MAT-1002-011,40.6
MAT-1002,PO-MAT-1002-012,43.9
MAT-1002,PO-MAT-1002-013,48.5
MAT-1002,PO-MAT-1002-014,47.0
MAT-1002,PO-MAT-1002-015,43.3
MAT-1002,PO-MAT-1002-016,44.4
MAT-1002,PO-MAT-1002-017,38.8
MAT-1002,PO-MAT-1002-018,43.9
MAT-1002,PO-MAT-1002-019,43.8
MAT-1002,PO-MAT-1002-020,46.0
MAT-1002,PO-MAT-1002-021,42.5
MAT-1002,PO-MAT-1002-022,47.1
MAT-1002,PO-MAT-1002-023,49.6
MAT-1002,PO-MAT-1002-024,45.7
MAT-1002,PO-MAT-1002-025,46.6
MAT-1003,PO-MAT-1003-001,58.8
MAT-1003,PO-MAT-1003-002,47.0
MAT-1003,PO-MAT-1003-003,67.7
MAT-1003,PO-MAT-1003-004,54.4
MAT-1003,PO-MAT-1003-005,56.8
MAT-1003,PO-MAT-1003-006,63.1
MAT-1003,PO-MAT-1003-007,44.7
MAT-1003,PO-MAT-1003-008,45.8
MAT-1003,PO-MAT-1003-009,42.8
MAT-1003,PO-MAT-1003-010,46.6
MAT-1003,PO-MAT-1003-011,53.1
MAT-1003,PO-MAT-1003-012,52.6
MAT-1003,PO-MAT-1003-013,50.2
MAT-1003,PO-MAT-1003-014,39.1
MAT-1003,PO-MAT-1003-015,32.8
MAT-1003,PO-MAT-1003-016,46.0
MAT-1003,PO-MAT-1003-017,41.9
MAT-1003,PO-MAT-1003-018,46.5
MAT-1003,PO-MAT-1003-019,47.0
MAT-1003,PO-MAT-1003-020,42.7
MAT-1003,PO-MAT-1003-021,45.5
MAT-1003,PO-MAT-1003-022,41.3
MAT-1003,PO-MAT-1003-023,42.2
MAT-1004,PO-MAT-1004-001,62.8
MAT-1004,PO-MAT-1004-002,49.3
MAT-1004,PO-MAT-1004-003,55.6
MAT-1004,PO-MAT-1004-004,56.7
MAT-1004,PO-MAT-1004-005,54.2
MAT-1004,PO-MAT-1004-006,58.2
MAT-1004,PO-MAT-1004-007,54.2
MAT-1004,PO-MAT-1004-008,54.8
MAT-1004,PO-MAT-1004-009,45.4
MAT-1004,PO-MAT-1004-010,53.6
MAT-1004,PO-MAT-1004-011,56.6
MAT-1004,PO-MAT-1004-012,39.7
MAT-1004,PO-MAT-1004-013,38.9
MAT-1004,PO-MAT-1004-014,51.0
MAT-1004,PO-MAT-1004-015,40.5
MAT-1004,PO-MAT-1004-016,48.7
MAT-1004,PO-MAT-1004-017,36.3
MAT-1005,PO-MAT-1005-001,21.3
MAT-1005,PO-MAT-1005-002,22.2
MAT-1005,PO-MAT-1005-003,21.8
MAT-1005,PO-MAT-1005-004,16.3
MAT-1005,PO-MAT-1005-005,14.6
MAT-1005,PO-MAT-1005-006,20.9
MAT-1005,PO-MAT-1005-007,20.9
MAT-1005,PO-MAT-1005-008,15.8
MAT-1005,PO-MAT-1005-009,13.6
MAT-1005,PO-MAT-1005-010,17.3
MAT-1005,PO-MAT-1005-011,18.6
MAT-1005,PO-MAT-1005-012,20.0
MAT-1005,PO-MAT-1005-013,16.9
MAT-1005,PO-MAT-1005-014,14.6
MAT-1005,PO-MAT-1005-015,13.1
MAT-1005,PO-MAT-1005-016,14.5
MAT-1005,PO-MAT-1005-017,13.5
MAT-1005,PO-MAT-1005-018,11.5
MAT-1006,PO-MAT-1006-001,30.3
MAT-1006,PO-MAT-1006-002,27.9
MAT-1006,PO-MAT-1006-003,32.5
MAT-1006,PO-MAT-1006-004,26.0
MAT-1006,PO-MAT-1006-005,28.8
MAT-1006,PO-MAT-1006-006,28.2
MAT-1006,PO-MAT-1006-007,29.9
MAT-1006,PO-MAT-1006-008,30.8
MAT-1006,PO-MAT-1006-009,27.0
MAT-1006,PO-MAT-1006-010,32.2
MAT-1006,PO-MAT-1006-011,30.2
MAT-1006,PO-MAT-1006-012,24.3
MAT-1006,PO-MAT-1006-013,24.1
MAT-1006,PO-MAT-1006-014,30.0
MAT-1006,PO-MAT-1006-015,29.3
MAT-1006,PO-MAT-1006-016,29.7
MAT-1006,PO-MAT-1006-017,29.9
MAT-1006,PO-MAT-1006-018,30.7
MAT-1007,PO-MAT-1007-001,32.6
MAT-1007,PO-MAT-1007-002,34.0
MAT-1007,PO-MAT-1007-003,34.5
MAT-1007,PO-MAT-1007-004,32.6
MAT-1007,PO-MAT-1007-005,27.9
MAT-1007,PO-MAT-1007-006,28.9
MAT-1007,PO-MAT-1007-007,29.7
MAT-1007,PO-MAT-1007-008,27.3
MAT-1007,PO-MAT-1007-009,26.9
MAT-1007,PO-MAT-1007-010,28.5
MAT-1007,PO-MAT-1007-011,25.4
MAT-1007,PO-MAT-1007-012,23.0
MAT-1007,PO-MAT-1007-013,23.5
MAT-1007,PO-MAT-1007-014,26.2
MAT-1007,PO-MAT-1007-015,23.9
MAT-1007,PO-MAT-1007-016,24.5
MAT-1007,PO-MAT-1007-017,25.0
MAT-1007,PO-MAT-1007-018,21.4
MAT-1007,PO-MAT-1007-019,24.4
MAT-1007,PO-MAT-1007-020,22.8
MAT-1007,PO-MAT-1007-021,17.5
MAT-1007,PO-MAT-1007-022,25.1
MAT-1007,PO-MAT-1007-023,18.9
MAT-1007,PO-MAT-1007-024,15.0
MAT-1007,PO-MAT-1007-025,16.4
MAT-1008,PO-MAT-1008-001,29.2
MAT-1008,PO-MAT-1008-002,34.4
MAT-1008,PO-MAT-1008-003,28.0
MAT-1008,PO-MAT-1008-004,26.6
MAT-1008,PO-MAT-1008-005,20.2
MAT-1008,PO-MAT-1008-006,22.9
MAT-1008,PO-MAT-1008-007,24.0
MAT-1008,PO-MAT-1008-008,21.8
MAT-1008,PO-MAT-1008-009,27.1
MAT-1008,PO-MAT-1008-010,21.6
MAT-1008,PO-MAT-1008-011,25.1
MAT-1008,PO-MAT-1008-012,20.6
MAT-1008,PO-MAT-1008-013,19.6
MAT-1009,PO-MAT-1009-001,49.2
MAT-1009,PO-MAT-1009-002,57.7
MAT-1009,PO-MAT-1009-003,48.2
MAT-1009,PO-MAT-1009-004,62.1
MAT-1009,PO-MAT-1009-005,64.2
MAT-1009,PO-MAT-1009-006,49.0
MAT-1009,PO-MAT-1009-007,54.4
MAT-1009,PO-MAT-1009-008,47.0
MAT-1009,PO-MAT-1009-009,46.3
MAT-1009,PO-MAT-1009-010,53.5
MAT-1009,PO-MAT-1009-011,47.4
MAT-1009,PO-MAT-1009-012,56.8
MAT-1009,PO-MAT-1009-013,42.3
MAT-1009,PO-MAT-1009-014,49.9
MAT-1009,PO-MAT-1009-015,43.3
MAT-1009,PO-MAT-1009-016,46.2
MAT-1009,PO-MAT-1009-017,37.6
MAT-1009,PO-MAT-1009-018,38.7
MAT-1010,PO-MAT-1010-001,77.7
MAT-1010,PO-MAT-1010-002,77.8
MAT-1010,PO-MAT-1010-003,73.6
MAT-1010,PO-MAT-1010-004,73.0
MAT-1010,PO-MAT-1010-005,80.5
MAT-1010,PO-MAT-1010-006,77.3
MAT-1010,PO-MAT-1010-007,45.2
MAT-1010,PO-MAT-1010-008,62.9
MAT-1010,PO-MAT-1010-009,62.7
MAT-1010,PO-MAT-1010-010,49.4
MAT-1010,PO-MAT-1010-011,61.9
MAT-1010,PO-MAT-1010-012,69.2
MAT-1010,PO-MAT-1010-013,50.3
MAT-1010,PO-MAT-1010-014,59.6
MAT-1010,PO-MAT-1010-015,48.8
MAT-1010,PO-MAT-1010-016,49.2
MAT-1010,PO-MAT-1010-017,64.0
MAT-1010,PO-MAT-1010-018,47.4
MAT-1010,PO-MAT-1010-019,53.6
MAT-1010,PO-MAT-1010-020,34.7
MAT-1011,PO-MAT-1011-001,29.3
MAT-1011,PO-MAT-1011-002,28.8
MAT-1011,PO-MAT-1011-003,30.9
MAT-1011,PO-MAT-1011-004,29.2
MAT-1011,PO-MAT-1011-005,29.9
MAT-1011,PO-MAT-1011-006,30.2
MAT-1011,PO-MAT-1011-007,28.0
MAT-1011,PO-MAT-1011-008,31.6
MAT-1011,PO-MAT-1011-009,38.7
MAT-1011,PO-MAT-1011-010,24.7
MAT-1011,PO-MAT-1011-011,31.0
MAT-1011,PO-MAT-1011-012,27.7
MAT-1011,PO-MAT-1011-013,31.7
MAT-1011,PO-MAT-1011-014,30.1
MAT-1011,PO-MAT-1011-015,32.3
MAT-1011,PO-MAT-1011-016,33.5
MAT-1011,PO-MAT-1011-017,30.6
MAT-1011,PO-MAT-1011-018,33.4
MAT-1011,PO-MAT-1011-019,23.0
MAT-1012,PO-MAT-1012-001,73.6
MAT-1012,PO-MAT-1012-002,66.8
MAT-1012,PO-MAT-1012-003,71.8
MAT-1012,PO-MAT-1012-004,66.0
MAT-1012,PO-MAT-1012-005,78.0
MAT-1012,PO-MAT-1012-006,68.7
MAT-1012,PO-MAT-1012-007,53.0
MAT-1012,PO-MAT-1012-008,65.9
MAT-1012,PO-MAT-1012-009,53.0
MAT-1012,PO-MAT-1012-010,52.5
MAT-1012,PO-MAT-1012-011,57.2
MAT-1012,PO-MAT-1012-012,49.1
MAT-1012,PO-MAT-1012-013,57.5
MAT-1012,PO-MAT-1012-014,42.9
MAT-1013,PO-MAT-1013-001,79.9
MAT-1013,PO-MAT-1013-002,66.9
MAT-1013,PO-MAT-1013-003,85.6
MAT-1013,PO-MAT-1013-004,82.7
MAT-1013,PO-MAT-1013-005,77.2
MAT-1013,PO-MAT-1013-006,76.2
MAT-1013,PO-MAT-1013-007,73.4
MAT-1013,PO-MAT-1013-008,80.1
MAT-1013,PO-MAT-1013-009,72.2
MAT-1013,PO-MAT-1013-010,76.8
MAT-1013,PO-MAT-1013-011,81.5
MAT-1013,PO-MAT-1013-012,70.8
MAT-1013,PO-MAT-1013-013,70.4
MAT-1013,PO-MAT-1013-014,66.0
MAT-1013,PO-MAT-1013-015,67.0
MAT-1013,PO-MAT-1013-016,61.3
MAT-1013,PO-MAT-1013-017,80.5
MAT-1013,PO-MAT-1013-018,88.6
MAT-1013,PO-MAT-1013-019,85.7
MAT-1014,PO-MAT-1014-001,25.9
MAT-1014,PO-MAT-1014-002,31.2
MAT-1014,PO-MAT-1014-003,31.6
MAT-1014,PO-MAT-1014-004,30.7
MAT-1014,PO-MAT-1014-005,32.9
MAT-1014,PO-MAT-1014-006,30.3
MAT-1014,PO-MAT-1014-007,31.2
MAT-1014,PO-MAT-1014-008,30.9
MAT-1014,PO-MAT-1014-009,29.7
MAT-1014,PO-MAT-1014-010,28.4
MAT-1014,PO-MAT-1014-011,36.6
MAT-1014,PO-MAT-1014-012,28.6
MAT-1014,PO-MAT-1014-013,28.0
MAT-1014,PO-MAT-1014-014,31.3
MAT-1014,PO-MAT-1014-015,30.8
MAT-1014,PO-MAT-1014-016,25.8
MAT-1014,PO-MAT-1014-017,33.4
MAT-1014,PO-MAT-1014-018,29.7
MAT-1014,PO-MAT-1014-019,26.7
MAT-1014,PO-MAT-1014-020,33.6
MAT-1014,PO-MAT-1014-021,31.9
MAT-1014,PO-MAT-1014-022,26.2
MAT-1014,PO-MAT-1014-023,35.3
MAT-1015,PO-MAT-1015-001,31.7
MAT-1015,PO-MAT-1015-002,30.1
MAT-1015,PO-MAT-1015-003,27.6
MAT-1015,PO-MAT-1015-004,30.2
MAT-1015,PO-MAT-1015-005,29.9
MAT-1015,PO-MAT-1015-006,30.6
MAT-1015,PO-MAT-1015-007,36.6
MAT-1015,PO-MAT-1015-008,28.4
MAT-1015,PO-MAT-1015-009,31.3
MAT-1015,PO-MAT-1015-010,33.2
MAT-1015,PO-MAT-1015-011,30.3
MAT-1015,PO-MAT-1015-012,37.0
MAT-1016,PO-MAT-1016-001,81.1
MAT-1016,PO-MAT-1016-002,70.0
MAT-1016,PO-MAT-1016-003,78.3
MAT-1016,PO-MAT-1016-004,76.7
MAT-1016,PO-MAT-1016-005,95.4
MAT-1016,PO-MAT-1016-006,92.1
MAT-1016,PO-MAT-1016-007,93.6
MAT-1016,PO-MAT-1016-008,95.7
MAT-1016,PO-MAT-1016-009,93.1
MAT-1016,PO-MAT-1016-010,97.1
MAT-1016,PO-MAT-1016-011,89.0
MAT-1016,PO-MAT-1016-012,83.8
MAT-1016,PO-MAT-1016-013,103.6
MAT-1016,PO-MAT-1016-014,107.2
MAT-1016,PO-MAT-1016-015,116.2
MAT-1016,PO-MAT-1016-016,121.2
MAT-1016,PO-MAT-1016-017,123.4
MAT-1016,PO-MAT-1016-018,106.5
MAT-1016,PO-MAT-1016-019,113.6
MAT-1017,PO-MAT-1017-001,31.8
MAT-1017,PO-MAT-1017-002,27.3
MAT-1017,PO-MAT-1017-003,30.1
MAT-1017,PO-MAT-1017-004,23.9
MAT-1017,PO-MAT-1017-005,30.6
MAT-1017,PO-MAT-1017-006,32.3
MAT-1017,PO-MAT-1017-007,29.2
MAT-1017,PO-MAT-1017-008,35.4
MAT-1017,PO-MAT-1017-009,27.4
MAT-1017,PO-MAT-1017-010,30.7
MAT-1017,PO-MAT-1017-011,29.9
MAT-1017,PO-MAT-1017-012,29.7
MAT-1017,PO-MAT-1017-013,29.7
MAT-1017,PO-MAT-1017-014,30.3
MAT-1017,PO-MAT-1017-015,32.5
MAT-1017,PO-MAT-1017-016,34.1
MAT-1017,PO-MAT-1017-017,30.0
MAT-1017,PO-MAT-1017-018,32.4
MAT-1017,PO-MAT-1017-019,27.9
MAT-1017,PO-MAT-1017-020,32.3
MAT-1017,PO-MAT-1017-021,27.7
MAT-1017,PO-MAT-1017-022,33.3
MAT-1017,PO-MAT-1017-023,36.6
MAT-1017,PO-MAT-1017-024,29.6
MAT-1017,PO-MAT-1017-025,23.4
MAT-1018,PO-MAT-1018-001,73.5
MAT-1018,PO-MAT-1018-002,85.0
MAT-1018,PO-MAT-1018-003,72.5
MAT-1018,PO-MAT-1018-004,73.7
MAT-1018,PO-MAT-1018-005,96.2
MAT-1018,PO-MAT-1018-006,89.2
MAT-1018,PO-MAT-1018-007,94.6
MAT-1018,PO-MAT-1018-008,87.3
MAT-1018,PO-MAT-1018-009,99.9
MAT-1018,PO-MAT-1018-010,108.7
MAT-1018,PO-MAT-1018-011,119.5
MAT-1018,PO-MAT-1018-012,110.5
MAT-1019,PO-MAT-1019-001,65.5
MAT-1019,PO-MAT-1019-002,68.5
MAT-1019,PO-MAT-1019-003,69.8
MAT-1019,PO-MAT-1019-004,94.8
MAT-1019,PO-MAT-1019-005,80.7
MAT-1019,PO-MAT-1019-006,86.3
MAT-1019,PO-MAT-1019-007,85.7
MAT-1019,PO-MAT-1019-008,84.0
MAT-1019,PO-MAT-1019-009,91.6
MAT-1019,PO-MAT-1019-010,114.1
MAT-1019,PO-MAT-1019-011,108.4
MAT-1019,PO-MAT-1019-012,93.8
MAT-1019,PO-MAT-1019-013,107.4
MAT-1019,PO-MAT-1019-014,98.6
MAT-1019,PO-MAT-1019-015,93.8
MAT-1019,PO-MAT-1019-016,117.0
MAT-1019,PO-MAT-1019-017,120.4
MAT-1019,PO-MAT-1019-018,121.8
MAT-1019,PO-MAT-1019-019,112.7
MAT-1020,PO-MAT-1020-001,29.8
MAT-1020,PO-MAT-1020-002,29.9
MAT-1020,PO-MAT-1020-003,27.9
MAT-1020,PO-MAT-1020-004,25.8
MAT-1020,PO-MAT-1020-005,23.5
MAT-1020,PO-MAT-1020-006,29.3
MAT-1020,PO-MAT-1020-007,24.5
MAT-1020,PO-MAT-1020-008,35.5
MAT-1020,PO-MAT-1020-009,22.5
MAT-1020,PO-MAT-1020-010,21.5
MAT-1020,PO-MAT-1020-011,26.3
MAT-1020,PO-MAT-1020-012,28.8
MAT-1020,PO-MAT-1020-013,23.9
MAT-1020,PO-MAT-1020-014,24.9
MAT-1020,PO-MAT-1020-015,17.1
MAT-1020,PO-MAT-1020-016,20.1
MAT-1020,PO-MAT-1020-017,18.4
MAT-1020,PO-MAT-1020-018,15.4
MAT-1020,PO-MAT-1020-019,20.9
MAT-1020,PO-MAT-1020-020,13.3
MAT-1020,PO-MAT-1020-021,15.5
MAT-1021,PO-MAT-1021-001,26.5
MAT-1021,PO-MAT-1021-002,28.3
MAT-1021,PO-MAT-1021-003,32.4
MAT-1021,PO-MAT-1021-004,35.8
MAT-1021,PO-MAT-1021-005,37.6
MAT-1021,PO-MAT-1021-006,32.9
MAT-1021,PO-MAT-1021-007,38.6
MAT-1021,PO-MAT-1021-008,34.4
MAT-1021,PO-MAT-1021-009,43.2
MAT-1021,PO-MAT-1021-010,35.3
MAT-1021,PO-MAT-1021-011,43.7
MAT-1021,PO-MAT-1021-012,38.7
MAT-1021,PO-MAT-1021-013,47.7
MAT-1021,PO-MAT-1021-014,44.4
MAT-1021,PO-MAT-1021-015,40.5
MAT-1021,PO-MAT-1021-016,43.0
MAT-1021,PO-MAT-1021-017,47.9
MAT-1021,PO-MAT-1021-018,49.7
MAT-1022,PO-MAT-1022-001,53.8
MAT-1022,PO-MAT-1022-002,67.5
MAT-1022,PO-MAT-1022-003,65.5
MAT-1022,PO-MAT-1022-004,56.2
MAT-1022,PO-MAT-1022-005,72.7
MAT-1022,PO-MAT-1022-006,80.3
MAT-1022,PO-MAT-1022-007,74.3
MAT-1022,PO-MAT-1022-008,78.2
MAT-1022,PO-MAT-1022-009,71.5
MAT-1022,PO-MAT-1022-010,62.4
MAT-1022,PO-MAT-1022-011,62.7
MAT-1022,PO-MAT-1022-012,76.7
MAT-1022,PO-MAT-1022-013,72.9
MAT-1022,PO-MAT-1022-014,72.4
MAT-1022,PO-MAT-1022-015,78.9
MAT-1022,PO-MAT-1022-016,84.3
MAT-1022,PO-MAT-1022-017,73.3
MAT-1022,PO-MAT-1022-018,80.7
MAT-1022,PO-MAT-1022-019,93.8
MAT-1022,PO-MAT-1022-020,79.7
MAT-1022,PO-MAT-1022-021,92.7
MAT-1022,PO-MAT-1022-022,86.0
MAT-1022,PO-MAT-1022-023,93.5
MAT-1022,PO-MAT-1022-024,98.2
MAT-1022,PO-MAT-1022-025,97.4
MAT-1023,PO-MAT-1023-001,22.1
MAT-1023,PO-MAT-1023-002,18.6
MAT-1023,PO-MAT-1023-003,20.2
MAT-1023,PO-MAT-1023-004,20.4
MAT-1023,PO-MAT-1023-005,20.8
MAT-1023,PO-MAT-1023-006,16.9
MAT-1023,PO-MAT-1023-007,17.3
MAT-1023,PO-MAT-1023-008,11.9
MAT-1023,PO-MAT-1023-009,15.8
MAT-1023,PO-MAT-1023-010,15.5
MAT-1023,PO-MAT-1023-011,14.0
MAT-1023,PO-MAT-1023-012,16.0
MAT-1023,PO-MAT-1023-013,15.0
MAT-1023,PO-MAT-1023-014,9.9
MAT-1023,PO-MAT-1023-015,14.6
MAT-1023,PO-MAT-1023-016,11.7
MAT-1024,PO-MAT-1024-001,18.3
MAT-1024,PO-MAT-1024-002,22.3
MAT-1024,PO-MAT-1024-003,16.5
MAT-1024,PO-MAT-1024-004,20.5
MAT-1024,PO-MAT-1024-005,23.4
MAT-1024,PO-MAT-1024-006,21.0
MAT-1024,PO-MAT-1024-007,20.0
MAT-1024,PO-MAT-1024-008,22.9
MAT-1024,PO-MAT-1024-009,23.0
MAT-1024,PO-MAT-1024-010,23.8
MAT-1024,PO-MAT-1024-011,22.8
MAT-1024,PO-MAT-1024-012,23.3
MAT-1025,PO-MAT-1025-001,26.2
MAT-1025,PO-MAT-1025-002,20.1
MAT-1025,PO-MAT-1025-003,19.8
MAT-1025,PO-MAT-1025-004,17.3
MAT-1025,PO-MAT-1025-005,23.9
MAT-1025,PO-MAT-1025-006,23.0
MAT-1025,PO-MAT-1025-007,26.1
MAT-1025,PO-MAT-1025-008,18.1
MAT-1025,PO-MAT-1025-009,24.1
MAT-1025,PO-MAT-1025-010,21.1
MAT-1025,PO-MAT-1025-011,22.7
MAT-1025,PO-MAT-1025-012,17.5
MAT-1025,PO-MAT-1025-013,24.1
MAT-1025,PO-MAT-1025-014,22.7
MAT-1025,PO-MAT-1025-015,20.9
MAT-1025,PO-MAT-1025-016,22.4
MAT-1025,PO-MAT-1025-017,19.4
MAT-1025,PO-MAT-1025-018,19.8
MAT-1025,PO-MAT-1025-019,20.0
MAT-1025,PO-MAT-1025-020,17.1
MAT-1025,PO-MAT-1025-021,22.8
MAT-1025,PO-MAT-1025-022,23.5
MAT-1026,PO-MAT-1026-001,31.9
MAT-1026,PO-MAT-1026-002,32.0
MAT-1026,PO-MAT-1026-003,33.1
MAT-1026,PO-MAT-1026-004,31.3
MAT-1026,PO-MAT-1026-005,36.8
MAT-1026,PO-MAT-1026-006,44.4
MAT-1026,PO-MAT-1026-007,35.9
MAT-1026,PO-MAT-1026-008,38.5
MAT-1026,PO-MAT-1026-009,38.1
MAT-1026,PO-MAT-1026-010,39.1
MAT-1026,PO-MAT-1026-011,46.4
MAT-1026,PO-MAT-1026-012,40.9
MAT-1026,PO-MAT-1026-013,42.7
MAT-1026,PO-MAT-1026-014,40.6
MAT-1026,PO-MAT-1026-015,44.2
MAT-1027,PO-MAT-1027-001,41.7
MAT-1027,PO-MAT-1027-002,38.9
MAT-1027,PO-MAT-1027-003,43.4
MAT-1027,PO-MAT-1027-004,45.4
MAT-1027,PO-MAT-1027-005,36.6
MAT-1027,PO-MAT-1027-006,39.8
MAT-1027,PO-MAT-1027-007,45.0
MAT-1027,PO-MAT-1027-008,43.2
MAT-1027,PO-MAT-1027-009,46.8
MAT-1027,PO-MAT-1027-010,39.5
MAT-1027,PO-MAT-1027-011,48.2
MAT-1027,PO-MAT-1027-012,39.7
MAT-1027,PO-MAT-1027-013,52.4
MAT-1027,PO-MAT-1027-014,37.3
MAT-1027,PO-MAT-1027-015,40.1
MAT-1027,PO-MAT-1027-016,46.9
MAT-1027,PO-MAT-1027-017,52.5
MAT-1027,PO-MAT-1027-018,46.4
MAT-1027,PO-MAT-1027-019,47.5
MAT-1027,PO-MAT-1027-020,45.1
MAT-1028,PO-MAT-1028-001,31.0
MAT-1028,PO-MAT-1028-002,28.8
MAT-1028,PO-MAT-1028-003,28.1
MAT-1028,PO-MAT-1028-004,24.6
MAT-1028,PO-MAT-1028-005,25.8
MAT-1028,PO-MAT-1028-006,25.9
MAT-1028,PO-MAT-1028-007,24.0
MAT-1028,PO-MAT-1028-008,28.3
MAT-1028,PO-MAT-1028-009,30.1
MAT-1028,PO-MAT-1028-010,23.3
MAT-1028,PO-MAT-1028-011,26.5
MAT-1028,PO-MAT-1028-012,22.1
MAT-1028,PO-MAT-1028-013,23.8
MAT-1028,PO-MAT-1028-014,22.2
MAT-1028,PO-MAT-1028-015,25.7
MAT-1028,PO-MAT-1028-016,21.4
MAT-1028,PO-MAT-1028-017,26.0
MAT-1028,PO-MAT-1028-018,21.8
MAT-1028,PO-MAT-1028-019,20.2
MAT-1028,PO-MAT-1028-020,17.9
MAT-1028,PO-MAT-1028-021,22.0
MAT-1028,PO-MAT-1028-022,23.5
MAT-1028,PO-MAT-1028-023,21.2
MAT-1028,PO-MAT-1028-024,26.7
MAT-1028,PO-MAT-1028-025,23.8
MAT-1029,PO-MAT-1029-001,41.4
MAT-1029,PO-MAT-1029-002,42.3
MAT-1029,PO-MAT-1029-003,50.1
MAT-1029,PO-MAT-1029-004,49.4
MAT-1029,PO-MAT-1029-005,41.8
MAT-1029,PO-MAT-1029-006,41.7
MAT-1029,PO-MAT-1029-007,42.1
MAT-1029,PO-MAT-1029-008,48.3
MAT-1029,PO-MAT-1029-009,40.5
MAT-1029,PO-MAT-1029-010,46.6
MAT-1029,PO-MAT-1029-011,48.4
MAT-1029,PO-MAT-1029-012,44.6
MAT-1029,PO-MAT-1029-013,49.5
MAT-1029,PO-MAT-1029-014,43.6
MAT-1029,PO-MAT-1029-015,44.0
MAT-1029,PO-MAT-1029-016,40.6
MAT-1029,PO-MAT-1029-017,49.6
MAT-1029,PO-MAT-1029-018,41.6
MAT-1029,PO-MAT-1029-019,46.6
MAT-1029,PO-MAT-1029-020,44.7
MAT-1029,PO-MAT-1029-021,40.3
MAT-1030,PO-MAT-1030-001,59.8
MAT-1030,PO-MAT-1030-002,61.3
MAT-1030,PO-MAT-1030-003,63.0
MAT-1030,PO-MAT-1030-004,56.2
MAT-1030,PO-MAT-1030-005,68.8
MAT-1030,PO-MAT-1030-006,58.4
MAT-1030,PO-MAT-1030-007,57.4
MAT-1030,PO-MAT-1030-008,62.9
MAT-1030,PO-MAT-1030-009,49.0
MAT-1030,PO-MAT-1030-010,55.3
MAT-1030,PO-MAT-1030-011,65.9
MAT-1030,PO-MAT-1030-012,49.6
MAT-1030,PO-MAT-1030-013,66.7
MAT-1030,PO-MAT-1030-014,69.1
MAT-1030,PO-MAT-1030-015,57.8
MAT-1030,PO-MAT-1030-016,61.8
MAT-1030,PO-MAT-1030-017,66.7
MAT-1030,PO-MAT-1030-018,57.2
MAT-1030,PO-MAT-1030-019,65.2
MAT-1030,PO-MAT-1030-020,56.0
MAT-1030,PO-MAT-1030-021,57.1
MAT-1030,PO-MAT-1030-022,55.2
MAT-1030,PO-MAT-1030-023,62.1
MAT-1030,PO-MAT-1030-024,66.9
MAT-1030,PO-MAT-1030-025,58.9
MAT-1031,PO-MAT-1031-001,35.8
MAT-1031,PO-MAT-1031-002,31.8
MAT-1031,PO-MAT-1031-003,33.1
MAT-1031,PO-MAT-1031-004,30.4
MAT-1031,PO-MAT-1031-005,35.5
MAT-1031,PO-MAT-1031-006,33.0
MAT-1031,PO-MAT-1031-007,34.1
MAT-1031,PO-MAT-1031-008,37.6
MAT-1031,PO-MAT-1031-009,31.7
MAT-1031,PO-MAT-1031-010,42.2
MAT-1031,PO-MAT-1031-011,38.8
MAT-1031,PO-MAT-1031-012,42.9
MAT-1031,PO-MAT-1031-013,36.7
MAT-1031,PO-MAT-1031-014,38.0
MAT-1031,PO-MAT-1031-015,38.1
MAT-1031,PO-MAT-1031-016,43.1
MAT-1031,PO-MAT-1031-017,43.4
MAT-1031,PO-MAT-1031-018,42.6
MAT-1031,PO-MAT-1031-019,41.8
MAT-1031,PO-MAT-1031-020,41.9
MAT-1031,PO-MAT-1031-021,46.4
MAT-1032,PO-MAT-1032-001,70.0
MAT-1032,PO-MAT-1032-002,70.9
MAT-1032,PO-MAT-1032-003,87.4
MAT-1032,PO-MAT-1032-004,53.9
MAT-1032,PO-MAT-1032-005,67.5
MAT-1032,PO-MAT-1032-006,95.5
MAT-1032,PO-MAT-1032-007,79.4
MAT-1032,PO-MAT-1032-008,66.7
MAT-1032,PO-MAT-1032-009,74.7
MAT-1032,PO-MAT-1032-010,75.5
MAT-1032,PO-MAT-1032-011,81.3
MAT-1032,PO-MAT-1032-012,88.8
MAT-1032,PO-MAT-1032-013,77.9
MAT-1032,PO-MAT-1032-014,71.0
MAT-1033,PO-MAT-1033-001,49.0
MAT-1033,PO-MAT-1033-002,49.7
MAT-1033,PO-MAT-1033-003,46.9
MAT-1033,PO-MAT-1033-004,47.0
MAT-1033,PO-MAT-1033-005,48.8
MAT-1033,PO-MAT-1033-006,49.9
MAT-1033,PO-MAT-1033-007,51.1
MAT-1033,PO-MAT-1033-008,51.7
MAT-1033,PO-MAT-1033-009,54.7
MAT-1033,PO-MAT-1033-010,58.1
MAT-1033,PO-MAT-1033-011,50.2
MAT-1033,PO-MAT-1033-012,52.1
MAT-1033,PO-MAT-1033-013,50.0
MAT-1033,PO-MAT-1033-014,62.9
MAT-1033,PO-MAT-1033-015,61.2
MAT-1033,PO-MAT-1033-016,63.4
MAT-1033,PO-MAT-1033-017,55.8
MAT-1033,PO-MAT-1033-018,71.3
MAT-1033,PO-MAT-1033-019,61.6
MAT-1033,PO-MAT-1033-020,66.2
MAT-1033,PO-MAT-1033-021,70.4
MAT-1033,PO-MAT-1033-022,63.2
MAT-1033,PO-MAT-1033-023,66.2
MAT-1033,PO-MAT-1033-024,70.6
MAT-1034,PO-MAT-1034-001,66.1
MAT-1034,PO-MAT-1034-002,76.4
MAT-1034,PO-MAT-1034-003,64.9
MAT-1034,PO-MAT-1034-004,66.0
MAT-1034,PO-MAT-1034-005,67.2
MAT-1034,PO-MAT-1034-006,71.7
MAT-1034,PO-MAT-1034-007,82.0
MAT-1034,PO-MAT-1034-008,79.3
MAT-1034,PO-MAT-1034-009,78.9
MAT-1034,PO-MAT-1034-010,66.8
MAT-1034,PO-MAT-1034-011,70.9
MAT-1034,PO-MAT-1034-012,77.0
MAT-1034,PO-MAT-1034-013,70.3
MAT-1034,PO-MAT-1034-014,72.9
MAT-1034,PO-MAT-1034-015,78.3
MAT-1034,PO-MAT-1034-016,72.4
MAT-1034,PO-MAT-1034-017,76.7
MAT-1034,PO-MAT-1034-018,86.9
MAT-1034,PO-MAT-1034-019,73.7
MAT-1034,PO-MAT-1034-020,83.8
MAT-1035,PO-MAT-1035-001,58.5
MAT-1035,PO-MAT-1035-002,57.2
MAT-1035,PO-MAT-1035-003,53.7
MAT-1035,PO-MAT-1035-004,59.4
MAT-1035,PO-MAT-1035-005,57.2
MAT-1035,PO-MAT-1035-006,45.2
MAT-1035,PO-MAT-1035-007,43.8
MAT-1035,PO-MAT-1035-008,55.2
MAT-1035,PO-MAT-1035-009,46.7
MAT-1035,PO-MAT-1035-010,52.4
MAT-1035,PO-MAT-1035-011,54.2
MAT-1035,PO-MAT-1035-012,40.8
MAT-1035,PO-MAT-1035-013,38.9
MAT-1035,PO-MAT-1035-014,56.4
MAT-1035,PO-MAT-1035-015,47.4
MAT-1035,PO-MAT-1035-016,41.7
MAT-1035,PO-MAT-1035-017,37.6
MAT-1035,PO-MAT-1035-018,39.1
MAT-1035,PO-MAT-1035-019,34.0
MAT-1035,PO-MAT-1035-020,45.4
MAT-1035,PO-MAT-1035-021,34.3
MAT-1036,PO-MAT-1036-001,27.2
MAT-1036,PO-MAT-1036-002,30.0
MAT-1036,PO-MAT-1036-003,30.0
MAT-1036,PO-MAT-1036-004,25.9
MAT-1036,PO-MAT-1036-005,28.4
MAT-1036,PO-MAT-1036-006,29.0
MAT-1036,PO-MAT-1036-007,31.2
MAT-1036,PO-MAT-1036-008,31.4
MAT-1036,PO-MAT-1036-009,28.3
MAT-1036,PO-MAT-1036-010,31.4
MAT-1036,PO-MAT-1036-011,29.5
MAT-1036,PO-MAT-1036-012,21.4
MAT-1036,PO-MAT-1036-013,28.5
MAT-1036,PO-MAT-1036-014,33.2
MAT-1036,PO-MAT-1036-015,25.0
MAT-1036,PO-MAT-1036-016,30.3
MAT-1036,PO-MAT-1036-017,34.8
MAT-1036,PO-MAT-1036-018,27.7
MAT-1036,PO-MAT-1036-019,30.0
MAT-1036,PO-MAT-1036-020,26.1
MAT-1036,PO-MAT-1036-021,34.9
MAT-1036,PO-MAT-1036-022,29.8
MAT-1036,PO-MAT-1036-023,30.1
MAT-1037,PO-MAT-1037-001,22.1
MAT-1037,PO-MAT-1037-002,19.7
MAT-1037,PO-MAT-1037-003,22.2
MAT-1037,PO-MAT-1037-004,20.0
MAT-1037,PO-MAT-1037-005,19.7
MAT-1037,PO-MAT-1037-006,26.2
MAT-1037,PO-MAT-1037-007,23.7
MAT-1037,PO-MAT-1037-008,27.9
MAT-1037,PO-MAT-1037-009,29.1
MAT-1037,PO-MAT-1037-010,26.2
MAT-1037,PO-MAT-1037-011,29.5
MAT-1037,PO-MAT-1037-012,27.6
MAT-1037,PO-MAT-1037-013,25.8
MAT-1037,PO-MAT-1037-014,30.6
MAT-1037,PO-MAT-1037-015,30.1
MAT-1037,PO-MAT-1037-016,30.9
MAT-1037,PO-MAT-1037-017,36.7
MAT-1038,PO-MAT-1038-001,58.4
MAT-1038,PO-MAT-1038-002,69.6
MAT-1038,PO-MAT-1038-003,51.5
MAT-1038,PO-MAT-1038-004,50.3
MAT-1038,PO-MAT-1038-005,55.0
MAT-1038,PO-MAT-1038-006,61.7
MAT-1038,PO-MAT-1038-007,63.7
MAT-1038,PO-MAT-1038-008,62.6
MAT-1038,PO-MAT-1038-009,67.1
MAT-1038,PO-MAT-1038-010,49.4
MAT-1038,PO-MAT-1038-011,67.1
MAT-1038,PO-MAT-1038-012,58.1
MAT-1038,PO-MAT-1038-013,64.4
MAT-1038,PO-MAT-1038-014,52.1
MAT-1038,PO-MAT-1038-015,60.0
MAT-1039,PO-MAT-1039-001,28.8
MAT-1039,PO-MAT-1039-002,28.8
MAT-1039,PO-MAT-1039-003,30.2
MAT-1039,PO-MAT-1039-004,34.3
MAT-1039,PO-MAT-1039-005,32.4
MAT-1039,PO-MAT-1039-006,27.0
MAT-1039,PO-MAT-1039-007,32.0
MAT-1039,PO-MAT-1039-008,31.9
MAT-1039,PO-MAT-1039-009,27.6
MAT-1039,PO-MAT-1039-010,32.5
MAT-1039,PO-MAT-1039-011,29.5
MAT-1039,PO-MAT-1039-012,25.8
MAT-1039,PO-MAT-1039-013,31.4
MAT-1039,PO-MAT-1039-014,30.7
MAT-1039,PO-MAT-1039-015,29.3
MAT-1039,PO-MAT-1039-016,29.9
MAT-1039,PO-MAT-1039-017,27.8
MAT-1039,PO-MAT-1039-018,31.8
MAT-1039,PO-MAT-1039-019,29.9
MAT-1039,PO-MAT-1039-020,30.5
MAT-1039,PO-MAT-1039-021,31.1
MAT-1039,PO-MAT-1039-022,26.5
MAT-1039,PO-MAT-1039-023,27.3
MAT-1040,PO-MAT-1040-001,50.9
MAT-1040,PO-MAT-1040-002,54.9
MAT-1040,PO-MAT-1040-003,50.4
MAT-1040,PO-MAT-1040-004,60.3
MAT-1040,PO-MAT-1040-005,62.4
MAT-1040,PO-MAT-1040-006,51.4
MAT-1040,PO-MAT-1040-007,64.7
MAT-1040,PO-MAT-1040-008,63.6
MAT-1040,PO-MAT-1040-009,56.7
MAT-1040,PO-MAT-1040-010,59.0
MAT-1040,PO-MAT-1040-011,48.3
MAT-1040,PO-MAT-1040-012,58.0
MAT-1040,PO-MAT-1040-013,60.0
MAT-1040,PO-MAT-1040-014,61.0
MAT-1040,PO-MAT-1040-015,62.3
MAT-1040,PO-MAT-1040-016,61.5
MAT-1040,PO-MAT-1040-017,58.4
MAT-1040,PO-MAT-1040-018,61.7
MAT-1040,PO-MAT-1040-019,66.0
MAT-1041,PO-MAT-1041-001,50.2
MAT-1041,PO-MAT-1041-002,51.5
MAT-1041,PO-MAT-1041-003,46.1
MAT-1041,PO-MAT-1041-004,48.9
MAT-1041,PO-MAT-1041-005,50.2
MAT-1041,PO-MAT-1041-006,55.4
MAT-1041,PO-MAT-1041-007,60.2
MAT-1041,PO-MAT-1041-008,56.3
MAT-1041,PO-MAT-1041-009,64.9
MAT-1041,PO-MAT-1041-010,61.4
MAT-1041,PO-MAT-1041-011,57.7
MAT-1041,PO-MAT-1041-012,63.9
MAT-1041,PO-MAT-1041-013,69.2
MAT-1041,PO-MAT-1041-014,71.9
MAT-1041,PO-MAT-1041-015,69.6
MAT-1041,PO-MAT-1041-016,65.7
MAT-1041,PO-MAT-1041-017,66.0
MAT-1041,PO-MAT-1041-018,71.0
MAT-1041,PO-MAT-1041-019,77.3
MAT-1042,PO-MAT-1042-001,63.3
MAT-1042,PO-MAT-1042-002,54.0
MAT-1042,PO-MAT-1042-003,51.5
MAT-1042,PO-MAT-1042-004,58.9
MAT-1042,PO-MAT-1042-005,62.5
MAT-1042,PO-MAT-1042-006,50.2
MAT-1042,PO-MAT-1042-007,64.2
MAT-1042,PO-MAT-1042-008,64.6
MAT-1042,PO-MAT-1042-009,60.3
MAT-1042,PO-MAT-1042-010,54.8
MAT-1042,PO-MAT-1042-011,54.1
MAT-1042,PO-MAT-1042-012,66.2
MAT-1043,PO-MAT-1043-001,78.7
MAT-1043,PO-MAT-1043-002,84.6
MAT-1043,PO-MAT-1043-003,73.4
MAT-1043,PO-MAT-1043-004,73.9
MAT-1043,PO-MAT-1043-005,76.3
MAT-1043,PO-MAT-1043-006,81.7
MAT-1043,PO-MAT-1043-007,64.0
MAT-1043,PO-MAT-1043-008,80.5
MAT-1043,PO-MAT-1043-009,74.8
MAT-1043,PO-MAT-1043-010,67.1
MAT-1043,PO-MAT-1043-011,59.4
MAT-1043,PO-MAT-1043-012,74.0
MAT-1043,PO-MAT-1043-013,85.9
MAT-1043,PO-MAT-1043-014,87.6
MAT-1043,PO-MAT-1043-015,77.7
MAT-1043,PO-MAT-1043-016,89.7
MAT-1043,PO-MAT-1043-017,74.7
MAT-1043,PO-MAT-1043-018,82.1
MAT-1043,PO-MAT-1043-019,71.6
MAT-1043,PO-MAT-1043-020,71.1
MAT-1043,PO-MAT-1043-021,69.9
MAT-1044,PO-MAT-1044-001,68.9
MAT-1044,PO-MAT-1044-002,90.5
MAT-1044,PO-MAT-1044-003,70.7
MAT-1044,PO-MAT-1044-004,86.7
MAT-1044,PO-MAT-1044-005,73.6
MAT-1044,PO-MAT-1044-006,81.1
MAT-1044,PO-MAT-1044-007,80.5
MAT-1044,PO-MAT-1044-008,83.6
MAT-1044,PO-MAT-1044-009,68.7
MAT-1044,PO-MAT-1044-010,83.1
MAT-1044,PO-MAT-1044-011,88.8
MAT-1044,PO-MAT-1044-012,73.1
MAT-1044,PO-MAT-1044-013,75.3
MAT-1044,PO-MAT-1044-014,71.1
MAT-1044,PO-MAT-1044-015,72.4
MAT-1044,PO-MAT-1044-016,87.8
MAT-1044,PO-MAT-1044-017,67.5
MAT-1044,PO-MAT-1044-018,67.9
MAT-1045,PO-MAT-1045-001,20.5
MAT-1045,PO-MAT-1045-002,20.5
MAT-1045,PO-MAT-1045-003,19.6
MAT-1045,PO-MAT-1045-004,20.3
MAT-1045,PO-MAT-1045-005,24.6
MAT-1045,PO-MAT-1045-006,22.4
MAT-1045,PO-MAT-1045-007,19.8
MAT-1045,PO-MAT-1045-008,20.9
MAT-1045,PO-MAT-1045-009,20.9
MAT-1045,PO-MAT-1045-010,19.4
MAT-1045,PO-MAT-1045-011,19.4
MAT-1045,PO-MAT-1045-012,23.1
MAT-1046,PO-MAT-1046-001,65.3
MAT-1046,PO-MAT-1046-002,58.2
MAT-1046,PO-MAT-1046-003,63.9
MAT-1046,PO-MAT-1046-004,61.3
MAT-1046,PO-MAT-1046-005,64.3
MAT-1046,PO-MAT-1046-006,51.9
MAT-1046,PO-MAT-1046-007,59.1
MAT-1046,PO-MAT-1046-008,59.7
MAT-1046,PO-MAT-1046-009,63.7
MAT-1046,PO-MAT-1046-010,56.2
MAT-1046,PO-MAT-1046-011,45.0
MAT-1046,PO-MAT-1046-012,53.5
MAT-1046,PO-MAT-1046-013,59.6
MAT-1046,PO-MAT-1046-014,60.4
MAT-1046,PO-MAT-1046-015,70.1
MAT-1046,PO-MAT-1046-016,63.5
MAT-1046,PO-MAT-1046-017,60.5
MAT-1046,PO-MAT-1046-018,59.8
MAT-1046,PO-MAT-1046-019,66.6
MAT-1046,PO-MAT-1046-020,56.5
MAT-1046,PO-MAT-1046-021,59.2
MAT-1046,PO-MAT-1046-022,53.5
MAT-1046,PO-MAT-1046-023,68.5
MAT-1046,PO-MAT-1046-024,62.4
MAT-1047,PO-MAT-1047-001,47.7
MAT-1047,PO-MAT-1047-002,48.0
MAT-1047,PO-MAT-1047-003,53.0
MAT-1047,PO-MAT-1047-004,49.5
MAT-1047,PO-MAT-1047-005,42.3
MAT-1047,PO-MAT-1047-006,40.5
MAT-1047,PO-MAT-1047-007,38.8
MAT-1047,PO-MAT-1047-008,51.6
MAT-1047,PO-MAT-1047-009,41.5
MAT-1047,PO-MAT-1047-010,51.7
MAT-1047,PO-MAT-1047-011,47.4
MAT-1047,PO-MAT-1047-012,46.5
MAT-1047,PO-MAT-1047-013,43.6
MAT-1047,PO-MAT-1047-014,48.0
MAT-1047,PO-MAT-1047-015,44.9
MAT-1047,PO-MAT-1047-016,43.3
MAT-1047,PO-MAT-1047-017,48.1
MAT-1047,PO-MAT-1047-018,44.4
MAT-1047,PO-MAT-1047-019,41.4
MAT-1047,PO-MAT-1047-020,47.7
MAT-1047,PO-MAT-1047-021,44.7
MAT-1047,PO-MAT-1047-022,47.2
MAT-1047,PO-MAT-1047-023,43.0
MAT-1048,PO-MAT-1048-001,42.4
MAT-1048,PO-MAT-1048-002,45.7
MAT-1048,PO-MAT-1048-003,38.5
MAT-1048,PO-MAT-1048-004,49.9
MAT-1048,PO-MAT-1048-005,44.5
MAT-1048,PO-MAT-1048-006,50.2
MAT-1048,PO-MAT-1048-007,44.1
MAT-1048,PO-MAT-1048-008,44.4
MAT-1048,PO-MAT-1048-009,39.5
MAT-1048,PO-MAT-1048-010,48.4
MAT-1048,PO-MAT-1048-011,41.1
MAT-1048,PO-MAT-1048-012,42.8
MAT-1048,PO-MAT-1048-013,45.0
MAT-1048,PO-MAT-1048-014,45.5
MAT-1048,PO-MAT-1048-015,37.3
MAT-1048,PO-MAT-1048-016,44.0
MAT-1048,PO-MAT-1048-017,48.6
MAT-1048,PO-MAT-1048-018,43.3
MAT-1048,PO-MAT-1048-019,44.0
MAT-1048,PO-MAT-1048-020,45.7
MAT-1048,PO-MAT-1048-021,44.4
MAT-1048,PO-MAT-1048-022,40.4
MAT-1049,PO-MAT-1049-001,60.5
MAT-1049,PO-MAT-1049-002,61.9
MAT-1049,PO-MAT-1049-003,49.3
MAT-1049,PO-MAT-1049-004,51.8
MAT-1049,PO-MAT-1049-005,51.9
MAT-1049,PO-MAT-1049-006,54.0
MAT-1049,PO-MAT-1049-007,49.7
MAT-1049,PO-MAT-1049-008,57.6
MAT-1049,PO-MAT-1049-009,42.7
MAT-1049,PO-MAT-1049-010,41.9
MAT-1049,PO-MAT-1049-011,48.5
MAT-1049,PO-MAT-1049-012,48.4
MAT-1049,PO-MAT-1049-013,39.8
MAT-1049,PO-MAT-1049-014,44.0
MAT-1049,PO-MAT-1049-015,44.2
MAT-1049,PO-MAT-1049-016,43.3
MAT-1049,PO-MAT-1049-017,45.6
MAT-1049,PO-MAT-1049-018,39.8
MAT-1049,PO-MAT-1049-019,51.7
MAT-1049,PO-MAT-1049-020,44.8
MAT-1049,PO-MAT-1049-021,36.1
MAT-1049,PO-MAT-1049-022,40.5
MAT-1049,PO-MAT-1049-023,39.7
MAT-1050,PO-MAT-1050-001,19.6
MAT-1050,PO-MAT-1050-002,22.5
MAT-1050,PO-MAT-1050-003,24.9
MAT-1050,PO-MAT-1050-004,26.7
MAT-1050,PO-MAT-1050-005,24.0
MAT-1050,PO-MAT-1050-006,28.5
MAT-1050,PO-MAT-1050-007,24.7
MAT-1050,PO-MAT-1050-008,28.4
MAT-1050,PO-MAT-1050-009,24.8
MAT-1050,PO-MAT-1050-010,28.4
MAT-1050,PO-MAT-1050-011,23.3
MAT-1050,PO-MAT-1050-012,26.6
MAT-1050,PO-MAT-1050-013,30.6
MAT-1050,PO-MAT-1050-014,27.6
MAT-1050,PO-MAT-1050-015,32.0
MAT-1050,PO-MAT-1050-016,33.7
MAT-1050,PO-MAT-1050-017,31.5
MAT-1051,PO-MAT-1051-001,59.7
MAT-1051,PO-MAT-1051-002,63.7
MAT-1051,PO-MAT-1051-003,62.2
MAT-1051,PO-MAT-1051-004,71.0
MAT-1051,PO-MAT-1051-005,61.5
MAT-1051,PO-MAT-1051-006,68.6
MAT-1051,PO-MAT-1051-007,72.1
MAT-1051,PO-MAT-1051-008,68.6
MAT-1051,PO-MAT-1051-009,77.6
MAT-1051,PO-MAT-1051-010,75.0
MAT-1051,PO-MAT-1051-011,80.4
MAT-1051,PO-MAT-1051-012,78.5
MAT-1051,PO-MAT-1051-013,81.1
MAT-1051,PO-MAT-1051-014,76.6
MAT-1051,PO-MAT-1051-015,78.2
MAT-1051,PO-MAT-1051-016,90.9
MAT-1051,PO-MAT-1051-017,89.0
MAT-1051,PO-MAT-1051-018,80.6
MAT-1051,PO-MAT-1051-019,89.4
MAT-1051,PO-MAT-1051-020,75.6
MAT-1051,PO-MAT-1051-021,88.0
MAT-1051,PO-MAT-1051-022,98.8
MAT-1052,PO-MAT-1052-001,40.7
MAT-1052,PO-MAT-1052-002,51.2
MAT-1052,PO-MAT-1052-003,47.6
MAT-1052,PO-MAT-1052-004,46.2
MAT-1052,PO-MAT-1052-005,48.9
MAT-1052,PO-MAT-1052-006,44.3
MAT-1052,PO-MAT-1052-007,51.1
MAT-1052,PO-MAT-1052-008,47.3
MAT-1052,PO-MAT-1052-009,51.5
MAT-1052,PO-MAT-1052-010,58.4
MAT-1052,PO-MAT-1052-011,56.5
MAT-1052,PO-MAT-1052-012,49.7
MAT-1052,PO-MAT-1052-013,61.2
MAT-1052,PO-MAT-1052-014,58.4
MAT-1052,PO-MAT-1052-015,57.0
MAT-1052,PO-MAT-1052-016,63.8
MAT-1052,PO-MAT-1052-017,60.7
MAT-1052,PO-MAT-1052-018,57.3
MAT-1052,PO-MAT-1052-019,71.9
MAT-1052,PO-MAT-1052-020,64.5
MAT-1052,PO-MAT-1052-021,65.3
MAT-1052,PO-MAT-1052-022,64.8
MAT-1052,PO-MAT-1052-023,73.0
MAT-1052,PO-MAT-1052-024,66.4
MAT-1052,PO-MAT-1052-025,62.8
MAT-1053,PO-MAT-1053-001,69.7
MAT-1053,PO-MAT-1053-002,60.1
MAT-1053,PO-MAT-1053-003,71.8
MAT-1053,PO-MAT-1053-004,68.2
MAT-1053,PO-MAT-1053-005,59.2
MAT-1053,PO-MAT-1053-006,65.4
MAT-1053,PO-MAT-1053-007,67.8
MAT-1053,PO-MAT-1053-008,64.3
MAT-1053,PO-MAT-1053-009,65.7
MAT-1053,PO-MAT-1053-010,82.0
MAT-1053,PO-MAT-1053-011,68.5
MAT-1053,PO-MAT-1053-012,82.3
MAT-1053,PO-MAT-1053-013,74.6
MAT-1053,PO-MAT-1053-014,78.5
MAT-1053,PO-MAT-1053-015,83.5
MAT-1053,PO-MAT-1053-016,77.9
MAT-1053,PO-MAT-1053-017,86.4
MAT-1053,PO-MAT-1053-018,72.1
MAT-1053,PO-MAT-1053-019,88.5
MAT-1053,PO-MAT-1053-020,72.4
MAT-1053,PO-MAT-1053-021,87.3
MAT-1053,PO-MAT-1053-022,95.3
MAT-1053,PO-MAT-1053-023,95.3
MAT-1053,PO-MAT-1053-024,85.2
MAT-1054,PO-MAT-1054-001,60.1
MAT-1054,PO-MAT-1054-002,58.6
MAT-1054,PO-MAT-1054-003,66.2
MAT-1054,PO-MAT-1054-004,53.4
MAT-1054,PO-MAT-1054-005,53.8
MAT-1054,PO-MAT-1054-006,53.9
MAT-1054,PO-MAT-1054-007,57.8
MAT-1054,PO-MAT-1054-008,52.6
MAT-1054,PO-MAT-1054-009,59.7
MAT-1054,PO-MAT-1054-010,59.0
MAT-1054,PO-MAT-1054-011,55.3
MAT-1054,PO-MAT-1054-012,65.2
MAT-1054,PO-MAT-1054-013,59.6
MAT-1054,PO-MAT-1054-014,66.4
MAT-1054,PO-MAT-1054-015,58.8
MAT-1054,PO-MAT-1054-016,59.9
MAT-1054,PO-MAT-1054-017,56.6
MAT-1054,PO-MAT-1054-018,60.0
MAT-1054,PO-MAT-1054-019,64.3
MAT-1054,PO-MAT-1054-020,57.5
MAT-1054,PO-MAT-1054-021,63.1
MAT-1054,PO-MAT-1054-022,55.1
MAT-1054,PO-MAT-1054-023,64.6
MAT-1054,PO-MAT-1054-024,56.5
MAT-1055,PO-MAT-1055-001,65.3
MAT-1055,PO-MAT-1055-002,70.2
MAT-1055,PO-MAT-1055-003,73.4
MAT-1055,PO-MAT-1055-004,71.0
MAT-1055,PO-MAT-1055-005,74.9
MAT-1055,PO-MAT-1055-006,88.3
MAT-1055,PO-MAT-1055-007,84.4
MAT-1055,PO-MAT-1055-008,73.8
MAT-1055,PO-MAT-1055-009,65.9
MAT-1055,PO-MAT-1055-010,85.0
MAT-1055,PO-MAT-1055-011,74.6
MAT-1055,PO-MAT-1055-012,62.1
MAT-1055,PO-MAT-1055-013,80.3
MAT-1055,PO-MAT-1055-014,82.7
MAT-1055,PO-MAT-1055-015,56.8
MAT-1056,PO-MAT-1056-001,31.6
MAT-1056,PO-MAT-1056-002,26.2
MAT-1056,PO-MAT-1056-003,28.1
MAT-1056,PO-MAT-1056-004,27.3
MAT-1056,PO-MAT-1056-005,35.3
MAT-1056,PO-MAT-1056-006,32.7
MAT-1056,PO-MAT-1056-007,28.7
MAT-1056,PO-MAT-1056-008,31.7
MAT-1056,PO-MAT-1056-009,25.9
MAT-1056,PO-MAT-1056-010,28.0
MAT-1056,PO-MAT-1056-011,30.3
MAT-1056,PO-MAT-1056-012,31.4
MAT-1056,PO-MAT-1056-013,29.7
MAT-1057,PO-MAT-1057-001,52.6
MAT-1057,PO-MAT-1057-002,58.3
MAT-1057,PO-MAT-1057-003,52.7
MAT-1057,PO-MAT-1057-004,71.2
MAT-1057,PO-MAT-1057-005,57.7
MAT-1057,PO-MAT-1057-006,70.9
MAT-1057,PO-MAT-1057-007,65.9
MAT-1057,PO-MAT-1057-008,64.3
MAT-1057,PO-MAT-1057-009,76.1
MAT-1057,PO-MAT-1057-010,74.5
MAT-1057,PO-MAT-1057-011,83.4
MAT-1057,PO-MAT-1057-012,72.6
MAT-1057,PO-MAT-1057-013,77.5
MAT-1057,PO-MAT-1057-014,69.5
MAT-1057,PO-MAT-1057-015,72.6
MAT-1057,PO-MAT-1057-016,98.3
MAT-1057,PO-MAT-1057-017,101.8
MAT-1057,PO-MAT-1057-018,91.7
MAT-1057,PO-MAT-1057-019,88.1
MAT-1058,PO-MAT-1058-001,71.2
MAT-1058,PO-MAT-1058-002,77.2
MAT-1058,PO-MAT-1058-003,86.3
MAT-1058,PO-MAT-1058-004,76.5
MAT-1058,PO-MAT-1058-005,62.8
MAT-1058,PO-MAT-1058-006,76.5
MAT-1058,PO-MAT-1058-007,90.3
MAT-1058,PO-MAT-1058-008,65.3
MAT-1058,PO-MAT-1058-009,75.2
MAT-1058,PO-MAT-1058-010,73.3
MAT-1058,PO-MAT-1058-011,75.7
MAT-1058,PO-MAT-1058-012,76.5
MAT-1059,PO-MAT-1059-001,50.2
MAT-1059,PO-MAT-1059-002,45.2
MAT-1059,PO-MAT-1059-003,53.7
MAT-1059,PO-MAT-1059-004,43.8
MAT-1059,PO-MAT-1059-005,45.4
MAT-1059,PO-MAT-1059-006,47.8
MAT-1059,PO-MAT-1059-007,54.9
MAT-1059,PO-MAT-1059-008,62.0
MAT-1059,PO-MAT-1059-009,55.5
MAT-1059,PO-MAT-1059-010,57.7
MAT-1059,PO-MAT-1059-011,60.5
MAT-1059,PO-MAT-1059-012,65.7
MAT-1059,PO-MAT-1059-013,62.7
MAT-1059,PO-MAT-1059-014,64.0
MAT-1059,PO-MAT-1059-015,62.0
MAT-1059,PO-MAT-1059-016,67.2
MAT-1060,PO-MAT-1060-001,29.2
MAT-1060,PO-MAT-1060-002,29.7
MAT-1060,PO-MAT-1060-003,32.3
MAT-1060,PO-MAT-1060-004,26.6
MAT-1060,PO-MAT-1060-005,30.6
MAT-1060,PO-MAT-1060-006,32.1
MAT-1060,PO-MAT-1060-007,24.7
MAT-1060,PO-MAT-1060-008,32.1
MAT-1060,PO-MAT-1060-009,25.0
MAT-1060,PO-MAT-1060-010,29.6
MAT-1060,PO-MAT-1060-011,26.5
MAT-1060,PO-MAT-1060-012,34.3
MAT-1060,PO-MAT-1060-013,26.5
MAT-1060,PO-MAT-1060-014,25.0
MAT-1060,PO-MAT-1060-015,30.4
MAT-1060,PO-MAT-1060-016,28.8
MAT-1060,PO-MAT-1060-017,25.5
MAT-1060,PO-MAT-1060-018,31.6
MAT-1060,PO-MAT-1060-019,24.0
